{
  "fr-FR": {
    "Title": "Titre",
    "Default label": "Libellé par défaut",
    "Default name": "Nom par défaut",
    "Select": "Sélection",
    "Select an option": "Sélectionnez une option",
    "green": "vert",
    "red": "rouge",
    "blue": "bleu",
    "yes": "oui",
    "no": "non",
    "Id": "Id",
    "Name": "Nom",
    "Description": "Description",
    "Link": "Lien",
    "Submit": "Soumettre",
    "This field is required": "Ce champ est obligatoire",
    "This field length should be larger": "Ce champ doit contenir plus de caractères",
    "This field length should be smaller": "Ce champ doit contenir moins de caractères",
    "This value is too small": "La valeur de ce champ est trop petite",
    "This value is too large": "La valeur de ce champ est trop grande",
    "This is not a valid email": "L'email saisi n'est pas valide",
    "Toggle the text area to HTML source code / Rich text area": "Basculer l'affichage du texte vers HTML / Rich Text",
    "Heading ": "Titre ",
    "Paragraph": "Paragraphe",
    "Preformatted text": "Texte préformaté",
    "Unordered List": "Liste",
    "Ordered List": "Liste numérotée",
    "Quote/unquote selection or paragraph": "Formater le paragraphe ou la sélection en citation",
    "Undo": "Annuler",
    "Redo": "Rétablir",
    "Bold": "Gras",
    "Italic": "Italique",
    "Underline": "Souligné",
    "Strikethrough": "Barré",
    "Align text left": "Aligner le texte à gauche",
    "Align text right": "Aligner le texte à droite",
    "Justify text": "Justifier le texte",
    "Center": "Centrer",
    "Increase indent": "Augmenter l'indentation",
    "Decrease indent": "Diminuer l'indentation",
    "Clear formatting": "Effacer le formatage",
    "Please enter an image URL to insert": "Saisissez l'URL de l'image à insérer",
    "Insert image": "Insérer une image",
    "Insert video": "Insérer une vidéo",
    "Please enter a youtube URL to embed": "Saisissez une URL YouTube à embarquer",
    "Insert / edit link": "Insérer/éditer un lien",
    "Please enter a URL to insert": "Entrez une URL à insérer",
    "Relink": "Changer le lien",
    "Unlink": "Enlever le lien",
    "Open in New Window": "Ouvrir dans une nouvelle fenêtre",
    "Display words Count": "Afficher le nombre de mots",
    "Display characters Count": "Afficher le nombre de caractères",
    "The requested content cannot be loaded.<br />Please try again later.": "Le contenu demandé ne peut pas être téléchargé.<br/> Veuillez réessayer plus tard.",
    "Date": "Date",
    "MM/dd/yyyy": "dd/MM/yyyy",
    "Today": "Aujourd'hui",
    "Now": "Maintenant",
    "Enter a date (mm/dd/yyyy)": "Saisissez une date (jj/mm/aaaa)",
    "Date and time": "Date et heure",
    "h:mm:ss a": "HH:mm:ss",
    "Enter a time (h:mm:ss a)": "Saisissez une heure (hh:mm:ss)",
    "$locale": {
      "DATETIME_FORMATS": {
        "AMPMS": [
          "AM",
          "PM"
        ],
        "DAY": [
          "dimanche",
          "lundi",
          "mardi",
          "mercredi",
          "jeudi",
          "vendredi",
          "samedi"
        ],
        "FIRSTDAYOFWEEK": 1,
        "MONTH": [
          "janvier",
          "f\u00e9vrier",
          "mars",
          "avril",
          "mai",
          "juin",
          "juillet",
          "ao\u00fbt",
          "septembre",
          "octobre",
          "novembre",
          "d\u00e9cembre"
        ],
        "SHORTDAY": [
          "dim.",
          "lun.",
          "mar.",
          "mer.",
          "jeu.",
          "ven.",
          "sam."
        ],
        "SHORTMONTH": [
          "janv.",
          "f\u00e9vr.",
          "mars",
          "avr.",
          "mai",
          "juin",
          "juil.",
          "ao\u00fbt",
          "sept.",
          "oct.",
          "nov.",
          "d\u00e9c."
        ],
        "fullDate": "EEEE d MMMM y",
        "longDate": "d MMMM y",
        "medium": "d MMM y HH:mm:ss",
        "mediumDate": "d MMM y",
        "mediumTime": "HH:mm:ss",
        "short": "dd/MM/y HH:mm",
        "shortDate": "dd/MM/y",
        "shortTime": "HH:mm"
      }
    },
    "Uploading...": "Chargement...",
    "Upload failed": "Erreur de chargement"
  },
  "es-ES": {
    "Title": "Título",
    "Default label": "Etiqueta por defecto",
    "Default name": "Nombre por defecto",
    "Select": "Seleccionar",
    "Select an option": "Selecciona una opción",
    "green": "verde",
    "red": "rojo",
    "blue": "azul",
    "yes": "sí",
    "no": "no",
    "Id": "Id",
    "Name": "Nombre",
    "Description": "Descripción",
    "Link": "Enlace",
    "Submit": "Enviar",
    "This field is required": "Este campo es requerido",
    "This field length should be larger": "La longitud de este campo debería ser mayor",
    "This field length should be smaller": "La longitud de este campo debería ser menor",
    "This value is too small": "El valor de este campo es demasiado pequeño",
    "This value is too large": "El valor de este campo es demasiado grande",
    "This is not a valid email": "El email introducido no es válido",
    "Toggle the text area to HTML source code / Rich text area": "",
    "Heading ": " ",
    "Paragraph": "",
    "Preformatted text": "",
    "Unordered List": "",
    "Ordered List": "",
    "Quote/unquote selection or paragraph": "",
    "Undo": "",
    "Redo": "",
    "Bold": "",
    "Italic": "",
    "Underline": "",
    "Strikethrough": "",
    "Align text left": "",
    "Align text right": "",
    "Justify text": "",
    "Center": "",
    "Increase indent": "",
    "Decrease indent": "",
    "Clear formatting": "",
    "Please enter an image URL to insert": "",
    "Insert image": "",
    "Insert video": "",
    "Please enter a youtube URL to embed": "",
    "Insert / edit link": "",
    "Please enter a URL to insert": "",
    "Relink": "",
    "Unlink": "",
    "Open in New Window": "",
    "Display words Count": "",
    "Display characters Count": "",
    "The requested content cannot be loaded.<br />Please try again later.": "El contenido solicitado no puede mostrarse.",
    "Today": "Hoy",
    "Now": "Ahora",
    "Date": "Fecha",
    "MM/dd/yyyy": "dd/MM/yyyy",
    "Enter a date (mm/dd/yyyy)": "Introducir una fecha (dd/mm/aaaa)",
    "Date and time": "Fecha y hora",
    "h:mm:ss a": "H:mm:ss",
    "Enter a time (h:mm:ss a)": "Introducir una hora (h:mm:ss)",
    "$locale": {
      "DATETIME_FORMATS": {
        "AMPMS": [
          "a. m.",
          "p. m."
        ],
        "DAY": [
          "domingo",
          "lunes",
          "martes",
          "mi\u00e9rcoles",
          "jueves",
          "viernes",
          "s\u00e1bado"
        ],
        "FIRSTDAYOFWEEK": 0,
        "MONTH": [
          "enero",
          "febrero",
          "marzo",
          "abril",
          "mayo",
          "junio",
          "julio",
          "agosto",
          "septiembre",
          "octubre",
          "noviembre",
          "diciembre"
        ],
        "SHORTDAY": [
          "dom.",
          "lun.",
          "mar.",
          "mi\u00e9.",
          "jue.",
          "vie.",
          "s\u00e1b."
        ],
        "SHORTMONTH": [
          "ene.",
          "feb.",
          "mar.",
          "abr.",
          "may.",
          "jun.",
          "jul.",
          "ago.",
          "sept.",
          "oct.",
          "nov.",
          "dic."
        ],
        "fullDate": "EEEE, d 'de' MMMM 'de' y",
        "longDate": "d 'de' MMMM 'de' y",
        "medium": "d 'de' MMM 'de' y H:mm:ss",
        "mediumDate": "d 'de' MMM 'de' y",
        "mediumTime": "H:mm:ss",
        "short": "d/M/yy H:mm",
        "shortDate": "d/M/yy",
        "shortTime": "H:mm"
      }
    },
    "Uploading..." : "Cargando...",
    "Upload failed" : "Fallo al cargar"
  },
  "ja-JP": {
    "Title": "タイトル",
    "Default label": "デフォルト ラベル",
    "Default name": "デフォルト名",
    "Select": "選択",
    "Select an option": "オプションを選択してください",
    "green": "",
    "red": "",
    "blue": "",
    "yes": "はい",
    "no": "いいえ",
    "Id": "ID",
    "Name": "名前",
    "Description": "説明",
    "Link": "リンク",
    "Submit": "送信",
    "This field is required": "",
    "This field length should be larger": "",
    "This field length should be smaller": "",
    "This value is too small": "",
    "This value is too large": "",
    "This is not a valid email": "",
    "Toggle the text area to HTML source code / Rich text area": "",
    "Heading ": " ",
    "Paragraph": "",
    "Preformatted text": "",
    "Unordered List": "",
    "Ordered List": "",
    "Quote/unquote selection or paragraph": "",
    "Undo": "元に戻す",
    "Redo": "やり直し",
    "Bold": "太字",
    "Italic": "斜体",
    "Underline": "下線",
    "Strikethrough": "取り消し線",
    "Align text left": "",
    "Align text right": "",
    "Justify text": "",
    "Center": "中央揃え",
    "Increase indent": "",
    "Decrease indent": "",
    "Clear formatting": "",
    "Please enter an image URL to insert": "",
    "Insert image": "画像を挿入",
    "Insert video": "",
    "Please enter a youtube URL to embed": "",
    "Insert / edit link": "",
    "Please enter a URL to insert": "",
    "Relink": "",
    "Unlink": "",
    "Open in New Window": "",
    "Display words Count": "",
    "Display characters Count": "",
    "The requested content cannot be loaded.<br />Please try again later.": "",
    "Today": "今日",
    "Now": "",
    "Date": "",
    "MM/dd/yyyy": "y/MM/dd",
    "Enter a date (mm/dd/yyyy)": "日付（mm/dd/yyyy）を入力します",
    "Date and time": "日付と時刻",
    "h:mm:ss a": "H:mm:ss",
    "Enter a time (h:mm:ss a)": "時刻を入力 (h:mm:ss a)",
    "$locale": {
      "DATETIME_FORMATS": {
        "AMPMS": [
          "\u5348\u524d",
          "\u5348\u5f8c"
        ],
        "DAY": [
          "\u65e5\u66dc\u65e5",
          "\u6708\u66dc\u65e5",
          "\u706b\u66dc\u65e5",
          "\u6c34\u66dc\u65e5",
          "\u6728\u66dc\u65e5",
          "\u91d1\u66dc\u65e5",
          "\u571f\u66dc\u65e5"
        ],
        "FIRSTDAYOFWEEK": 6,
        "MONTH": [
          "1\u6708",
          "2\u6708",
          "3\u6708",
          "4\u6708",
          "5\u6708",
          "6\u6708",
          "7\u6708",
          "8\u6708",
          "9\u6708",
          "10\u6708",
          "11\u6708",
          "12\u6708"
        ],
        "SHORTDAY": [
          "\u65e5",
          "\u6708",
          "\u706b",
          "\u6c34",
          "\u6728",
          "\u91d1",
          "\u571f"
        ],
        "SHORTMONTH": [
          "1\u6708",
          "2\u6708",
          "3\u6708",
          "4\u6708",
          "5\u6708",
          "6\u6708",
          "7\u6708",
          "8\u6708",
          "9\u6708",
          "10\u6708",
          "11\u6708",
          "12\u6708"
        ],
        "fullDate": "y\u5e74M\u6708d\u65e5EEEE",
        "longDate": "y\u5e74M\u6708d\u65e5",
        "medium": "y/MM/dd H:mm:ss",
        "mediumDate": "y/MM/dd",
        "mediumTime": "H:mm:ss",
        "short": "y/MM/dd H:mm",
        "shortDate": "y/MM/dd",
        "shortTime": "H:mm"
      }
    },
    "Uploading..." : "",
    "Upload failed" : ""
  },
  "pt-BR": {
    "Title": "Título",
    "Default label": "Etiqueta padrão",
    "Default name": "Nome padrão",
    "Select": " Selecionar",
    "Select an option": "Selecione uma opção",
    "green": "verde",
    "red": "vermelho",
    "blue": "azul",
    "yes": "sim",
    "no": "não",
    "Id": "Id",
    "Name": "Nome",
    "Description": "Descrição",
    "Link": "Link",
    "Submit": "Enviar",
    "This field is required": "Este campo é obrigatório",
    "This field length should be larger": "Esse comprimento do campo deve ser maior",
    "This field length should be smaller": "Esse comprimento do campo deve ser menor",
    "This value is too small": "Este valor é muito pequeno",
    "This value is too large": "Este valor é muito grande",
    "This is not a valid email": "Este não é um email válido",
    "Toggle the text area to HTML source code / Rich text area": "Alterne a área de texto para o código-fonte HTML / área Rich Text",
    "Heading ": "Cabeçalho ",
    "Paragraph": "Parágrafo",
    "Preformatted text": "Texto pré-formatado",
    "Unordered List": "Lista não ordenada",
    "Ordered List": "Lista ordenada",
    "Quote/unquote selection or paragraph": "Citar / não citar seleção ou parágrafo",
    "Undo": " Desfazer ",
    "Redo": " Refazer ",
    "Bold": "Negrito",
    "Italic": "Itálico",
    "Underline": "Sublinhado",
    "Strikethrough": "Tachado",
    "Align text left": "Alinhar texto à esquerda",
    "Align text right": "Alinhar texto à direita",
    "Justify text": "Justificar texto",
    "Center": "Centrar",
    "Increase indent": "Aumentar recuo",
    "Decrease indent": "Diminuri recuo",
    "Clear formatting": "Esvaziar formatação",
    "Please enter an image URL to insert": "Digite um URL da imagem para inserir",
    "Insert image": "Inserir Imagem",
    "Insert video": "Inserir vídeo",
    "Please enter a youtube URL to embed": "Digite um URL do youtube para incorporar",
    "Insert / edit link": "Inserir / editar link",
    "Please enter a URL to insert": "Digite um URL para inserir",
    "Relink": "Relink",
    "Unlink": "Desvincular",
    "Open in New Window": "Abrir em uma nova janela",
    "Display words Count": "Exibir palavras contadas",
    "Display characters Count": " Exibir caracteres contados",
    "The requested content cannot be loaded.<br />Please try again later.": "O conteúdo solicitado não pode ser carregado. <br />Tente mais tarde",
    "Today": "Hoje",
    "Now": "Agora",
    "Date": "Data",
    "MM/dd/yyyy": "dd/MM/yyyy",
    "Enter a date (mm/dd/yyyy)": "Insira uma data (dd/mm/yyyy)",
    "Date and time": "Data e hora",
    "h:mm:ss a": "h:mm:ss a",
    "Enter a time (h:mm:ss a)": "Insira uma hora (h:mm:ss a)",
    "$locale": {
      "DATETIME_FORMATS": {
        "AMPMS": [
          "AM",
          "PM"
        ],
        "DAY": [
          "domingo",
          "segunda-feira",
          "ter\u00e7a-feira",
          "quarta-feira",
          "quinta-feira",
          "sexta-feira",
          "s\u00e1bado"
        ],
        "FIRSTDAYOFWEEK": 6,
        "MONTH": [
          "janeiro",
          "fevereiro",
          "mar\u00e7o",
          "abril",
          "maio",
          "junho",
          "julho",
          "agosto",
          "setembro",
          "outubro",
          "novembro",
          "dezembro"
        ],
        "SHORTDAY": [
          "dom",
          "seg",
          "ter",
          "qua",
          "qui",
          "sex",
          "s\u00e1b"
        ],
        "SHORTMONTH": [
          "jan",
          "fev",
          "mar",
          "abr",
          "mai",
          "jun",
          "jul",
          "ago",
          "set",
          "out",
          "nov",
          "dez"
        ],
        "fullDate": "EEEE, d 'de' MMMM 'de' y",
        "longDate": "d 'de' MMMM 'de' y",
        "medium": "d 'de' MMM 'de' y HH:mm:ss",
        "mediumDate": "d 'de' MMM 'de' y",
        "mediumTime": "HH:mm:ss",
        "short": "dd/MM/yy HH:mm",
        "shortDate": "dd/MM/yy",
        "shortTime": "HH:mm"
      }
    },
    "Uploading..." : "Carregamento...",
    "Upload failed" : "Upload falhou"
  }
}
