{
  "designerVersion" : "1.11.62",
  "id" : "customAudioJs",
  "name" : "audioJs",
  "lastUpdate" : 1611684088495,
  "template" : "@customAudioJs.tpl.html",
  "controller" : "@customAudioJs.ctrl.js",
  "custom" : true,
  "properties" : [
    {
      "label" : "Value",
      "name" : "value",
      "type" : "text",
      "defaultValue" : "This is the initial value",
      "bond" : "variable"
    },
    {
      "label" : "serviceUrl",
      "name" : "serviceUrl",
      "type" : "text",
      "choiceValues" : [
        "RebeccaPurple",
        "Chartreuse",
        "Tomato",
        "DeepSkyBlue"
      ],
      "bond" : "expression"
    },
    {
      "label" : "Background color on click",
      "name" : "background",
      "type" : "choice",
      "defaultValue" : "Yellow",
      "choiceValues" : [
        "Yellow",
        "LightGray"
      ],
      "bond" : "expression"
    }
  ],
  "assets" : [
    {
      "id" : "e231ee8f-0ae5-4279-a60e-c9fd64bc4feb",
      "name" : "https://cdn.rawgit.com/mattdiamond/Recorderjs/08e7abd9/dist/recorder.js",
      "type" : "js",
      "order" : 1,
      "external" : true
    }
  ],
  "requiredModules" : [ ],
  "type" : "widget",
  "hasHelp" : false
}