{
  "designerVersion" : "1.11.62",
  "id" : "testAudioJs",
  "name" : "testAudioJs",
  "lastUpdate" : 1612019601312,
  "rows" : [
    [
      {
        "type" : "component",
        "dimension" : {
          "xs" : 12,
          "sm" : 12,
          "md" : 12,
          "lg" : 12
        },
        "propertyValues" : {
          "cssClasses" : {
            "type" : "constant",
            "value" : ""
          },
          "hidden" : {
            "type" : "constant",
            "value" : false
          },
          "value" : {
            "type" : "variable",
            "value" : "response"
          },
          "color" : {
            "type" : "constant",
            "value" : "RebeccaPurple"
          },
          "background" : {
            "type" : "constant",
            "value" : "Yellow"
          },
          "serviceUrl" : {
            "type" : "expression",
            "value" : "serviceUrlLocalhost"
          }
        },
        "reference" : "a8d85aa7-a874-4022-a4a8-4ea6e005ff36",
        "hasValidationError" : false,
        "id" : "customAudioJs"
      }
    ],
    [
      {
        "type" : "component",
        "dimension" : {
          "xs" : 12,
          "sm" : 12,
          "md" : 12,
          "lg" : 12
        },
        "propertyValues" : {
          "cssClasses" : {
            "type" : "constant",
            "value" : ""
          },
          "hidden" : {
            "type" : "constant",
            "value" : false
          },
          "labelHidden" : {
            "type" : "constant",
            "value" : true
          },
          "label" : {
            "type" : "interpolation",
            "value" : "Default label"
          },
          "labelPosition" : {
            "type" : "constant",
            "value" : "top"
          },
          "labelWidth" : {
            "type" : "constant",
            "value" : 4
          },
          "allowHTML" : {
            "type" : "constant",
            "value" : true
          },
          "text" : {
            "type" : "interpolation",
            "value" : "<pre>{{response | json}}</pre>"
          },
          "alignment" : {
            "type" : "constant",
            "value" : "left"
          }
        },
        "reference" : "b7266ddd-eaaf-4cf7-b601-501f1b5a45ed",
        "hasValidationError" : false,
        "id" : "pbText"
      }
    ]
  ],
  "assets" : [
    {
      "id" : "d1075c89-1c5b-4f32-a7b3-724fa59fbdc7",
      "name" : "style.css",
      "type" : "css",
      "order" : 0,
      "external" : false
    },
    {
      "id" : "4c7e6919-9e82-4e5b-92c2-2af58719c272",
      "name" : "localization.json",
      "type" : "json",
      "order" : 0,
      "external" : false
    }
  ],
  "inactiveAssets" : [ ],
  "variables" : {
    "response" : {
      "type" : "json",
      "value" : [
        "{}"
      ],
      "exposed" : false
    },
    "serviceUrlLocalhost" : {
      "type" : "constant",
      "value" : [
        "http://localhost:5000/api/detector"
      ],
      "exposed" : false
    },
    "serviceUrlGfunction" : {
      "type" : "constant",
      "value" : [
        "https://europe-west6-lateral-faculty-275014.cloudfunctions.net/yesno"
      ],
      "exposed" : false
    }
  },
  "hasValidationError" : false,
  "uuid" : "b8e3e3d6-c9ee-4110-9e82-6708cadd9f08",
  "type" : "page",
  "description" : "Page generated with Bonita UI designer"
}